Unnamed: 0.1,x,y,color
1087,230.37816242869647,141.27040594499005,2
464,281.26431805783244,127.4195648934264,0
1237,157.53056648222952,158.89025235521927,3
68,107.35405726001136,175.95825976321908,0
1151,148.11864054226945,161.8091484654421,3
377,248.7746579568497,38.54228597020909,0
168,84.61791721669938,92.92049451148358,0
5,150.15942676472315,204.9133903095133,0
1174,145.500391244503,147.4057851783843,3
371,246.40106763583347,43.354862711828105,0
1033,223.22893029891617,160.01772772018478,2
325,198.58000001044056,23.48626723883831,0
1064,223.140569746713,145.42273330271968,2
1159,141.6597701031347,152.991808740777,3
288,158.79132952614563,28.93048261992749,0
149,84.82443855898427,105.5695208584636,0
1252,166.5073789033792,162.67971675433512,3
590,219.5676482673529,203.00778838804283,0
170,92.59295383933612,83.24325405044232,0
152,89.1602090682227,98.6177263882081,0
691,161.37089695013844,219.7580306599719,0
90,99.68473499388271,160.38458536552338,0
294,160.76656963544858,19.16335448070754,0
111,88.24512929310345,146.7474196371897,0
1144,145.869363293195,166.28107403948252,3
1166,149.19424470259483,153.83978901293852,3
175,86.84768343092837,88.1571475563452,0
309,176.82830305687875,27.72590165843428,0
145,85.11358111758861,109.65243767554392,0
320,187.65111168339456,19.748069929030407,0
300,172.65462730320135,18.199931499941897,0
266,137.85123456063363,30.314004396316648,0
172,85.24357999362701,87.66163360934502,0
6,156.1747343065779,203.4767967206004,0
795,179.91907993327533,68.95695057476019,1
960,197.6777148133956,75.28152225260226,1
395,261.63631055722874,54.39125877370958,0
1137,151.42925398511483,165.14505731591908,3
209,110.81104369045262,51.68019112614411,0
523,267.86785133999825,178.00659991290718,0
77,102.89966637576256,179.84592162431818,0
64,109.60501811972556,177.3186034690748,0
1198,159.5561712163328,137.00913906575423,3
393,264.9839293898875,53.495380918276624,0
99,100.79719894945237,158.852177278954,0
811,188.644934177597,77.36309858718681,1
418,286.26578746078013,78.51899718014482,0
753,152.71522750482606,75.30784423055871,1
559,240.5455696847244,200.2021295674741,0
222,109.51688349339229,50.44679128021522,0
652,159.2685281449021,205.8895996393149,0
0,156.7822354598796,206.5247400797008,0
935,218.3204068412279,80.2232716665427,1
1169,152.16694217099118,141.46385485033488,3
84,101.28886633039411,167.7529819098915,0
1015,144.97340762696192,76.78281669862719,1
108,97.1328471696892,151.61526830598922,0
113,94.76056026683705,143.95860425674925,0
1186,149.30039010340764,144.859787005054,3
208,101.3701829681834,56.95954840903983,0
18,147.89339712718848,203.29057394119403,0
20,146.04352462448728,206.77962837999627,0
512,272.7858037685588,166.93596401042623,0
433,281.8761978711069,100.5869267128436,0
662,142.790073912125,209.2160066251651,0
261,133.41142448719913,30.07944161321768,0
283,157.5900137559615,31.861914246371384,0
63,102.90792950440066,189.1498743198502,0
304,181.1825484396421,27.38155071272479,0
360,229.429197706494,28.454400614962992,0
1054,214.26084601614664,153.0112564661814,2
1177,141.2528824098614,142.5860581886392,3
16,136.69798920642185,197.66304299551257,0
101,99.90961080292804,151.84392720455423,0
1069,213.13187231410697,143.76174948175537,2
1062,216.95972528200952,145.51555500113312,2
591,212.0696373448075,206.564289329627,0
774,166.61061491819115,80.18367780698532,1
722,143.38575012599284,93.41944583952392,1
1100,225.8437441261298,136.0784553990011,2
930,230.12074666780683,83.86242502628278,1
608,196.0096881746343,213.15766934417252,0
1189,148.0637300768065,131.95886508191495,3
7,144.0676952830189,201.84693802028107,0
819,188.98654726178367,73.76842957079799,1
61,108.94834935097003,176.7489877171318,0
1127,225.25082717733287,155.13595068737237,2
1003,164.58318814320268,72.71462210054239,1
503,283.5255012391863,150.6529152293544,0
643,156.46387936730463,215.27201710460992,0
1244,158.37465639797432,157.99431952357378,3
973,188.8411682414692,64.92753761043758,1
796,174.00402234546837,77.52082594123402,1
285,154.6975630521127,20.001187601982224,0
543,255.9769039562597,193.27023287940784,0
33,131.56510554883533,199.47246352371903,0
764,155.37284212870563,73.333138172595,1
1193,155.07005881134037,134.65286525818198,3
1225,167.19863158150036,144.4364699811033,3
1084,220.1737825387501,134.45071597287966,2
998,165.98757983192445,62.99268730704023,1
444,288.5614371679152,106.45921739162652,0
19,136.7496005606009,196.68186859085893,0
328,200.6489743913378,27.96153400916341,0
519,275.53881516168684,170.106395292966,0
618,190.85031607690377,215.58965738551143,0
999,162.55395776634094,67.2716288905728,1
509,283.72672836161985,154.17711604387222,0
1001,170.8576746629266,63.66925552393661,1
573,237.8403188117832,198.445201878314,0
934,223.65574651604544,80.80234167314399,1
449,282.3288107053427,102.16010376704338,0
698,90.3263136369214,48.43120893383002,0
863,208.88572440333527,86.6529666608177,1
1231,164.9932328604872,149.2485924089899,3
993,180.4941863534104,61.62118387481229,1
1176,152.5971871825489,144.93499008751718,3
833,195.4535271704968,77.72485130153188,1
1175,147.5700682001042,149.00674727312116,3
1249,165.38976730702913,156.8473813566005,3
137,88.1258896746701,128.06890015186673,0
909,230.80711541912063,92.936171741044,1
295,164.89806655272582,23.949030601739537,0
366,238.49841352715416,32.322698654641044,0
751,151.9101475440932,85.67423724501651,1
1164,143.96217223808816,145.45401688994332,3
121,91.47724437469618,134.996057929487,0
88,101.24777196963473,171.85372501314384,0
198,93.50763222347094,67.92693882420463,0
629,180.5434422978621,209.9495637337208,0
242,123.75705570536302,40.23000568937141,0
506,279.29194826158016,155.8500980552007,0
1101,228.7411515734721,143.21981402210906,2
24,135.14461857313685,205.4094920503524,0
13,148.2743353181781,204.71612330386387,0
943,219.71891156091635,74.254818636768,1
204,97.63427136768928,57.61656891204399,0
812,185.5013565115118,74.10730993835841,1
564,248.35416096597007,194.6201383585868,0
414,272.9439907653231,74.06198692747887,0
1048,216.3264512310702,151.93331191339132,2
970,194.4544925673281,69.90349376237992,1
365,235.1777068258073,37.82636693451326,0
94,100.44175872753752,162.79070096897078,0
66,110.5917556685648,183.9871042872973,0
784,165.28300786204426,74.1960950646191,1
213,109.05753815407328,63.49357929594692,0
244,131.6255931757595,37.252826348330245,0
139,90.9731522513005,124.48135770110662,0
14,143.1053559960435,198.7484131097669,0
834,199.4854062414679,74.90688907472224,1
772,163.82705455165234,75.92081663798513,1
1042,222.2199808137608,164.07139086864896,2
184,89.41858670109292,70.56155431606811,0
189,91.36413007327296,76.16359530536238,0
1029,220.6794035984857,173.0108404269282,2
504,285.9336431555355,151.9306181255564,0
601,209.4137433729708,209.0730689944195,0
787,171.41832393577775,69.45894762701579,1
1078,219.70640945214373,134.29570809145048,2
849,203.1456007263932,84.02380549078549,1
598,207.89648275118307,207.68858957588395,0
46,120.03257447174946,198.2037526204137,0
985,184.526689482922,69.03685531813039,1
1245,158.9930217693272,160.28912738630635,3
1099,229.21678759991383,137.65418177422868,2
929,227.82748237131185,87.74175271806678,1
252,129.45422538668433,44.38352829501912,0
640,163.50165316468826,215.2351356185036,0
718,135.60174108190276,88.66650508140555,1
1098,228.8765661168144,136.58207721797032,2
1173,152.39023650123437,140.88740554515851,3
26,138.27772910508102,204.47517580408652,0
716,144.74877303455546,96.17792173584944,1
193,98.04263266664002,71.15883462718313,0
484,280.822244935052,144.82425887210667,0
1243,165.0448077363954,159.5753159734831,3
744,150.98993488053148,89.26560895974382,1
376,244.2202939860601,41.32744073653288,0
768,162.4493563963989,80.68724144735063,1
904,235.62739967735465,102.8022749209524,1
1158,142.51121945055436,152.02432964583636,3
712,143.0430574511749,95.50034228559464,1
1061,216.12035850924173,147.2594597681798,2
1246,155.90316648454564,158.4026928198153,3
541,262.1930229650798,188.562100319842,0
881,218.5162021809052,97.3537863874726,1
865,210.5508977321145,79.71777556775959,1
1012,160.96209161129647,67.84876795447212,1
344,214.860011976466,26.44799273666206,0
653,153.81994437663093,204.6470620580388,0
1021,162.46174611992348,90.88984401837592,1
432,287.034508234913,94.65417394386368,0
1178,146.2281488745349,143.7866835729107,3
948,215.6947981525533,72.43449750378443,1
54,116.12113338638416,182.7361825418037,0
673,141.0645351000276,208.00314443026,0
789,169.49456801980838,77.64323038207618,1
17,137.4709682093911,200.38415768939336,0
23,142.78751117095902,199.33896908032227,0
292,162.44459080958998,31.232008158769872,0
891,228.9737017103997,97.5272636510976,1
752,151.7139020022832,83.504183712452,1
1132,207.3835045287084,167.4309071031568,2
394,266.6063273530037,51.90066546248647,0
975,190.87110691452688,72.21349639705335,1
463,291.19872325414184,120.59076917247052,0
28,130.25056431873668,194.5625880639928,0
742,147.1219280520391,80.8864714898532,1
901,229.32530684283728,91.23256190518862,1
465,280.63518384262824,123.62476836557892,0
120,95.89730914783416,134.105361528946,0
370,246.35316589473555,44.47664839485873,0
321,192.20400444251533,28.39772272803713,0
40,119.50080480513289,197.5077096744107,0
123,90.89883559315436,136.63354833366526,0
392,258.37602790400365,57.927947022981925,0
494,289.85184525048186,148.3261014499052,0
481,285.337926943675,138.04099936873098,0
183,97.28001858528992,83.3385291395108,0
793,168.27846604977609,77.55096922887105,1
1036,218.4503468323056,165.72325680300372,2
614,200.7597840856862,214.84280324145945,0
932,224.6796288141975,91.77238997896684,1
658,153.47371840657,201.2656551986512,0
893,226.2142474084897,91.72922503259429,1
966,192.8894590793556,68.51713055662879,1
21,146.67646471372106,204.6415369753985,0
953,208.60357440134527,77.25652115174438,1
576,228.8215392606353,202.43166915828127,0
142,84.25965957139707,108.76169406959434,0
707,269.7233393802927,89.48977931368393,0
406,276.52929083380275,69.11702197585038,0
1207,164.03220889903508,141.07885161415413,3
604,202.67603771922668,208.11370549784,0
798,175.8878900628616,68.2991105820754,1
1262,158.51372775817154,157.38382997615437,3
330,196.1478569291619,23.17502184914224,0
944,221.9433057270248,78.31632769074531,1
118,95.70924535557047,145.88545800102497,0
676,137.6972424518729,200.16095377454195,0
203,104.57448676722922,63.65696461004944,0
480,287.0007963986846,137.75986360732622,0
249,131.81553802042546,37.06814178877431,0
636,166.0006223576837,208.6512148232191,0
124,86.1174290039511,132.39567251156802,0
45,120.34316967548664,198.79680965094144,0
1115,231.34953868416343,153.57319900289536,2
803,179.49529127730565,78.30087973307752,1
471,289.5940304968784,122.8133469503552,0
538,255.71059019887235,185.3818343720836,0
785,169.97153311868198,67.26833217853613,1
1261,155.23466292630624,160.38175320516416,3
885,223.17527894402625,91.92853191530008,1
340,215.66249667859657,25.07938001359128,0
1103,231.66304110410096,138.1555304174192,2
992,177.20961153846588,61.37439555401448,1
794,173.57146372140377,75.3723643124896,1
878,218.2421087842809,86.84917645311452,1
782,170.87039928096186,75.04809185578779,1
1030,226.6833246981735,163.99960283077542,2
197,102.88218361256212,68.63019915857217,0
755,158.08228851997083,77.69327633035181,1
263,139.04447682653617,40.43996438080632,0
542,257.918957480575,188.0992585545172,0
986,181.7423702248106,63.56977764960283,1
1217,168.53238347719275,147.62117197094136,3
306,171.84956501881052,28.082241809391405,0
699,159.77117995340464,4.943901944448726,0
15,144.15160831128935,202.1651605057297,0
757,160.75884432432665,75.47722109675522,1
462,289.1576184677439,116.22949373208206,0
1153,143.33448169514247,156.74395448360286,3
128,84.76949477335029,136.52400142736838,0
302,176.57262155584976,25.457276389986987,0
485,289.918249144034,137.06124572250434,0
1263,153.33884663345478,148.39280863365525,3
797,175.84290153307236,73.35283264153799,1
72,98.86717271651536,172.00383305916796,0
626,174.93107660431576,219.41027549977235,0
1075,222.55549515539107,143.24470145882373,2
404,268.5270152361961,61.608588164025264,0
487,290.1043424954562,144.8197609086708,0
1092,228.65673535578284,135.72788750020993,2
890,221.74575444620223,93.5836670257106,1
133,86.17221170203142,127.6206780462868,0
690,142.62275770641216,229.58576289334064,0
281,146.4121362447164,33.16948616824794,0
971,188.2185594827792,72.51645328903584,1
1083,218.76065308428457,137.00592356299933,2
220,106.45896926618497,50.71578572998931,0
976,188.33390259699183,63.71465747390789,1
127,85.84828225019292,135.21755058630868,0
322,198.1060072810129,25.093173574901527,0
537,260.6500906612101,190.300095167726,0
71,103.39538346946976,174.22466127875248,0
655,145.86662232453878,210.0287753881829,0
749,151.92795711515436,85.51866542849314,1
843,207.2335727570528,73.38989667062839,1
775,165.54199192973735,68.62065706791998,1
1129,232.85752557514144,160.1499723398622,2
765,154.1060609103297,74.22060245347387,1
1241,160.7681928681021,152.95123639169998,3
1190,147.23672853347472,133.57258729662055,3
710,134.57371163822265,96.08062125220329,1
1218,161.14731084737522,144.12544313613716,3
754,158.77108821427743,82.23895206736967,1
957,210.9106906393982,74.90803595997858,1
153,84.13506245730167,101.360113693168,0
1125,226.2500007359251,161.16048761314948,2
1260,162.7283526499642,151.13856684407506,3
860,212.0919032764009,78.5454999179471,1
2,159.2762892236282,196.7840534188802,0
212,100.76402223480014,56.46934454893528,0
978,189.03235509983693,62.80631690752705,1
824,186.965808370509,71.62805610315041,1
836,196.8212526343004,75.81031495887169,1
438,286.0053548184744,99.7582103768309,0
915,229.40509025159287,91.5913224511304,1
813,188.3956728176507,69.41445147045664,1
225,113.02739607179544,49.101436155298245,0
938,223.50785179905228,81.19640674108769,1
649,154.64897070896885,206.3538360950249,0
1034,227.2854396109195,161.38924454333716,2
79,100.60712530616388,169.29768672855613,0
1085,227.0724336449753,138.84832757999072,2
897,228.3180383364478,93.3558003215208,1
850,213.2587621942544,78.62391043832099,1
806,185.25502212541383,75.34383927662458,1
96,95.0951987576033,159.49278525760462,0
927,225.87707785107293,87.18793225119339,1
192,96.23122248585076,66.98877390417692,0
1211,158.59338320137903,142.7868614489053,3
1148,151.45126066262415,158.31459487677105,3
78,95.62489326482066,169.3678028234949,0
1168,145.3935297552354,142.8892621868987,3
884,224.0514721847688,90.50026934367465,1
159,94.65157388387752,99.3909223416515,0
1065,223.7031335103169,145.393943981787,2
42,117.02689550111631,192.4341365879013,0
383,254.92454047631955,45.37619499092148,0
173,91.10081714452802,88.43672628392375,0
968,192.9827522429907,69.00422280394008,1
588,223.1435238989021,201.3954845170681,0
681,128.80607795855997,206.4828905345181,0
936,225.5067944044951,81.22682070235521,1
845,198.2064545823946,82.05799168010799,1
1240,160.08619217845583,155.9836952112982,3
211,102.0878043006779,56.7808176283092,0
482,281.0365787941353,142.0939546552582,0
48,121.70825516532211,198.1572868693033,0
689,200.3663186975245,231.7874304243627,0
841,207.03319466008136,80.89999380277561,1
1031,227.9853982121845,165.04887234063943,2
461,287.5932341747274,115.44954616919506,0
1074,215.28724316478787,137.3207908671023,2
369,243.01349968607,41.70731847034813,0
615,196.00371419187127,212.3327766035792,0
196,95.0557470920482,60.567112866950026,0
188,89.55515672775454,69.07052239262526,0
1070,214.005936271116,148.8931316259998,2
1254,161.6350660298803,157.69304956060688,3
958,208.1996577773349,66.72724862614871,1
1172,141.44591042973067,145.24725556434066,3
131,91.18151006223236,128.22310880841945,0
459,281.88597099983326,120.88047349732238,0
206,104.13693238134134,64.2942601482909,0
607,206.13191723058247,210.27639265611447,0
565,238.4984878322888,201.68604444688543,0
56,106.6263065740801,186.16447690798748,0
515,269.5374836586356,160.82160403113647,0
777,169.23215259859882,73.51791135172539,1
429,289.3056421458517,88.6052129274513,0
734,149.35292452376302,82.1317745915091,1
44,117.40112499684156,190.64199799042285,0
130,83.87231097554911,129.43047347960402,0
495,291.2448568021359,148.70695874551473,0
788,173.36120067442943,68.61986424787528,1
950,206.32196545196243,71.88893838967073,1
967,196.25847212904964,71.45991716370025,1
961,205.91618716217755,73.70702650314797,1
641,164.5278191107957,210.3487445846208,0
460,286.1097046644582,121.13403500923891,0
187,90.31093290449668,69.4831886722821,0
134,87.02599014367863,131.1941005272331,0
597,208.0539595050468,211.08916991298872,0
112,89.96945393171798,143.37120207627896,0
1255,158.8966294310679,165.56871771651424,3
864,212.7626335924143,86.0866134976688,1
264,137.5376585157854,35.10143918722554,0
854,216.8733291528079,82.92659774491506,1
633,177.30050718621075,210.2199391189452,0
58,103.58287899859089,185.16876905103223,0
996,173.10823021367287,71.35215451010947,1
1227,160.80284367742158,141.8035525560132,3
164,95.4331857362306,94.55185274589952,0
1079,218.99085564701488,136.3683177789963,2
256,130.5156873793861,30.21737993883864,0
437,290.4111671841799,96.74704175529844,0
505,284.51828797024405,155.20481549316628,0
1197,154.3167713641468,130.4949686609378,3
822,190.1958273920241,77.73825813736642,1
158,87.55853665737963,95.50430728479688,0
1210,162.58836777669396,135.9944815821848,3
657,152.581066502759,201.5610344946472,0
584,230.39583752563493,203.18377168665893,0
232,114.27850277325427,41.58598341826854,0
583,227.12666624470992,210.89661705891308,0
589,212.88059271426457,206.22295731972304,0
497,284.95154065707027,143.29663697390708,0
951,214.7746411062901,79.2752064002168,1
1213,163.53674802206865,144.15692970710091,3
1229,165.65879693519346,152.5016624840569,3
388,260.4011188250766,52.65614710158678,0
251,128.77212544419177,40.14838343669032,0
990,182.7370334367308,70.44590205580499,1
594,209.2245315532636,207.6453182916241,0
359,223.08327990983537,35.838916545819814,0
446,288.61430552892045,107.7472716352682,0
575,232.433843647218,196.58570935261736,0
80,95.76167245701576,178.72995937491555,0
331,207.3763614528763,24.206860084521395,0
674,133.04239448121402,201.75937676219428,0
326,200.6718378765717,27.83176086400607,0
711,136.78016563939102,92.6562839799854,1
1194,147.58406816170535,139.72922950577492,3
578,232.0269252451453,204.11294301469889,0
210,106.0587090639768,52.464315971165206,0
634,174.49911731265146,213.09013937723125,0
853,210.34011923498792,85.2989279595339,1
991,170.2465330915344,62.54932983535417,1
353,222.92457105126863,25.511241860677103,0
1182,147.8236002039875,138.9685096639992,3
580,227.9038314916623,199.3949617287269,0
475,293.3841227198001,135.53324365378512,0
1140,154.2720861730307,166.0446153822504,3
93,89.48774077970022,166.16207568111895,0
180,93.57118886541328,77.94256539501242,0
36,119.625964537225,191.8689274398108,0
913,227.0918838359092,86.62318316672145,1
687,133.87098569644013,227.11858778540005,0
810,179.7341949960314,71.6591985771903,1
241,126.45421439225652,44.66416570201761,0
260,136.6236682892774,41.04381745052802,0
851,214.54447464154163,82.13634840306003,1
129,93.1783943802994,134.3787783117134,0
982,186.89420162340969,67.64104177672141,1
363,230.0192067479372,37.1511848109115,0
1251,156.1763641203317,167.59102156059384,3
234,123.10087919925564,43.15053391025532,0
534,262.26961878867365,181.11477094728053,0
593,208.7695999842525,201.8762911623645,0
347,223.10153149823068,26.18765273492386,0
804,185.73056531827785,67.45033930164237,1
1124,232.6611888053725,160.461405903634,2
1267,152.52464019203677,154.2545743906544,3
581,227.42724059873163,204.3752491294368,0
617,196.31643517863927,212.4772529087053,0
106,97.8168291740336,145.0164281405714,0
682,132.48210255093431,174.40631221703472,0
1265,162.09393982551944,152.82882054944918,3
964,198.7014999440788,63.73947802517591,1
902,229.2324595062964,99.2960639839796,1
1145,147.32499756371436,155.2622966133045,3
723,144.79175557781426,85.3903256860304,1
552,249.9873658472181,196.8894871124036,0
918,229.49682072740205,85.24078078789017,1
215,104.38571256451672,49.02475446502911,0
1004,160.10008177801382,61.433516996189496,1
221,113.47132208157944,53.49781844133531,0
284,157.76514619519716,26.526728609889176,0
62,107.3262094705278,187.776185685694,0
727,137.79306417687232,86.76301228471442,1
548,257.8277680233245,193.2552811183129,0
368,241.87095527345784,36.81794935459448,0
664,148.95438544164864,206.1029876500828,0
282,148.87805541990517,22.092006232850903,0
479,289.2882717098755,131.29836627429813,0
647,158.35036963989322,215.0342744186348,0
186,93.1076480084651,80.9532008935779,0
916,233.06710705118584,94.70903481732358,1
355,223.41183165095265,24.18380177214749,0
1071,224.49346001082333,138.36819854724553,2
270,149.46835344292322,33.3733682397384,0
621,188.8096731764101,216.57765401405567,0
1202,159.08540924857093,134.6147083532539,3
659,149.8154649006633,208.3588428800423,0
1055,223.893511673042,150.08297848556492,2
1109,227.9269390159293,152.10912848061866,2
605,203.3307401681514,206.3177695961392,0
154,94.6060620747627,98.8310003336955,0
642,162.57895582392726,206.99716735715,0
147,93.40886501696588,112.00246410774378,0
603,201.68029274025804,214.5650083420258,0
179,87.15964365294475,73.5676471776506,0
104,99.1472101179738,154.44605328926897,0
52,115.61893777168451,194.1802678736678,0
786,168.22677445015688,75.22960636579194,1
684,84.33810771913296,160.25143757226732,0
216,108.22655703307892,51.32203639616898,0
476,285.3134150234617,130.67364049724318,0
402,272.7601725395522,60.21640245581898,0
1002,170.93893399811213,70.8707207470303,1
572,238.87297467584887,203.0074290114112,0
852,206.29290850147896,75.565732299596,1
248,135.0517535642315,44.00453091106061,0
779,169.52449950031098,70.61104714218237,1
243,128.77460913676384,37.406668488544994,0
1135,149.31090565935048,162.80163511109765,3
1156,143.37812043887388,160.3246288446686,3
571,238.5352420264004,207.0699237056572,0
756,153.8678189202705,83.32161819929058,1
736,145.00214374245704,84.70298489203492,1
217,108.63219855796603,59.31469585302693,0
354,229.4791087915472,29.912825129654152,0
98,93.79135535716236,154.18943673842557,0
1119,231.841355218878,154.87864530964117,2
1032,220.12743337062568,162.56368193189854,2
567,243.35132221525512,200.6227402494148,0
92,95.26983528059108,165.2955785024737,0
725,147.91429332970364,94.77124146523528,1
81,96.75748730348052,178.0838104113244,0
907,236.19882598067647,92.84359579356794,1
337,209.8811242557101,21.081060278449115,0
488,281.48554011458134,143.163246447978,0
148,95.23137887437076,106.5391006328544,0
342,207.9853440035453,29.13781700636946,0
346,218.9484362440112,27.58982712734337,0
384,255.70975893247265,51.18939015344682,0
942,216.5687341019887,85.85550121037369,1
862,215.1454537348941,81.44025538414849,1
362,232.91542552578235,27.51128899210932,0
940,214.8872881010477,77.55689195699944,1
733,140.22663715845178,92.40675019144658,1
780,167.6565679035895,78.64088188789282,1
680,127.36742997706013,205.7864418574069,0
1060,214.1928132368521,143.0388909489019,2
660,143.38169247813838,211.6123899062068,0
518,269.22124907502763,168.46372697800058,0
524,261.2714688382162,170.94112354670034,0
688,155.14948309715467,241.81584575224792,0
1199,159.82987243913445,136.30068537759718,3
560,241.4018623350812,202.62073177900737,0
561,246.2005955378864,203.01320084531483,0
82,99.23475305342826,167.611209540095,0
815,187.34326447342733,76.2150629762437,1
1157,145.53536704968892,150.46321843164435,3
435,287.7199376530942,92.05058555095394,0
1067,217.88490278065785,139.9166393543896,2
1014,157.0382850810772,66.99505672296135,1
1256,153.55200907829632,156.03937979495896,3
231,120.88551986877594,48.74382433462711,0
928,231.1850622300736,88.12761840133322,1
293,164.26368724693154,22.818041287171923,0
516,272.6605664627608,163.3531828874394,0
276,150.58640417929118,25.09319414120557,0
554,253.23142596679136,197.54461305290303,0
866,210.0270239356292,85.79229229855144,1
411,278.8220899294786,73.1173114520048,0
498,285.4602206136434,143.81476508525157,0
956,208.59318794749143,76.53704436370487,1
426,284.4982242765025,86.16593682205985,0
899,225.65558286409825,99.04323980486112,1
760,158.03050132897013,75.31934979038505,1
1096,228.13844895084,134.229326479826,2
1219,167.25249655023686,142.80560471827766,3
835,199.1308683093561,78.4657723964691,1
1271,161.98342418072895,146.11983823414153,3
87,102.37652729072944,171.4128953990346,0
630,183.8357162838697,220.2644277218078,0
228,108.19907082321802,47.39517421435357,0
923,228.76499782059324,93.9188458439225,1
75,107.40542384982167,172.31009559825958,0
628,182.52539085411905,218.02703935720825,0
233,117.05903369272713,49.71280027227709,0
386,259.1509867315314,43.92603898562362,0
177,93.77789625806192,80.10510047408104,0
169,94.08772163713236,83.87128522012421,0
69,101.80695120070294,174.9376314052783,0
31,132.90198717856163,202.5483541064865,0
398,265.64554820130746,55.23767846402478,0
1203,158.05796573709162,131.50496518813634,3
701,143.0929467493978,15.709449488878022,0
318,183.85313540143792,19.284108894028293,0
625,186.07452383376847,215.14670757717772,0
880,225.59328727084224,95.42686476810007,1
9,144.042643898592,201.31519387411905,0
332,195.78727661977013,16.131032745674418,0
568,239.21077426211613,199.714968892895,0
511,273.0800615451718,159.16426733533763,0
696,103.0387676503132,32.81115947600313,0
109,97.59088958978673,143.07448764461077,0
262,136.07767685210797,38.71140446799399,0
246,124.59921360352028,37.20268615767952,0
410,276.6162587770305,76.21956109061892,0
1116,233.04795079868003,155.90825361245936,2
889,223.8216546438829,93.21068248261815,1
1010,157.75455989101184,73.67996112453255,1
1097,233.37732094627592,139.96072825251815,2
946,213.0207950045996,71.75311697656247,1
1215,165.1514043824746,145.55262776166478,3
1019,131.4407100297054,115.94398106652956,1
892,232.11141212133592,94.37400474689332,1
1239,162.10508493408332,153.58973620832847,3
1128,230.87397411313435,161.16240050235297,2
922,235.5404533539993,87.43621208746441,1
525,266.71212056517294,174.01818091829216,0
245,127.54806523526268,34.774451399525674,0
656,151.12605545299132,205.65487660070573,0
1035,228.95933398969453,163.47434282054735,2
847,209.7229365232351,82.31610032625957,1
178,96.0839224567981,77.40083250009349,0
472,293.4781746950238,130.8305755418259,0
721,139.8017116182969,84.31942750791598,1
41,124.1582189380251,197.2509133215933,0
984,189.5832403362926,68.75610713654157,1
1011,164.1094839649817,64.4638813468249,1
952,207.80143877230665,67.43916093944313,1
1146,143.67234999876806,164.84081370385633,3
235,114.25532281535529,42.3772889044609,0
919,231.84047747606297,89.90073305083456,1
161,88.69126073903597,99.0551992072442,0
83,97.4161499710574,167.4550596156801,0
1163,142.34671468793377,151.7882719057439,3
239,117.29246290783622,38.03788206192087,0
667,140.34120800250167,200.6097933753804,0
521,275.13602023228,165.5150521520726,0
818,183.5554300451684,76.69030025347678,1
1110,228.8267716589569,144.9105783697127,2
499,287.3772393241714,157.9161656579642,0
612,195.5302711658777,218.9496253170305,0
855,213.6467267192709,79.15967089410037,1
492,291.8640637508884,139.35753654424354,0
650,152.32431378608084,213.8702356858115,0
396,257.8189839613955,50.954083078716224,0
237,123.82118461388475,44.31653496520784,0
301,176.70037940536935,27.952185343126985,0
267,139.55941136765065,36.27721239932578,0
762,154.99671193108762,81.88824695680842,1
403,271.1155003443446,61.17720264398281,0
135,85.53765254594217,128.7179690282257,0
670,141.08447033406068,210.1311572171914,0
443,284.0413516068594,98.57071933086638,0
451,284.9732080145924,112.39276042750691,0
477,289.1472441694188,128.04392708743376,0
666,140.6177811764362,211.0689835579587,0
1113,230.7241829692162,158.8288236108619,2
191,101.49867202269223,68.44964469300913,0
381,254.23488424550945,46.83648994562242,0
53,113.25170014232754,189.5005588423217,0
57,106.97543977353432,180.6926265794565,0
832,199.5413536931964,74.6455859869098,1
361,225.32003964854167,31.165562950404023,0
1020,129.4394306002213,101.2526220849254,1
1248,156.98714665618235,163.5180030862947,3
1026,225.1921041969607,168.97404348824898,2
254,130.08619186898815,42.72267724809848,0
214,111.87348459032802,56.0389640656137,0
422,276.4820662468196,77.91348835888789,0
132,85.84335324182236,133.3286822923924,0
1076,224.7768917650355,138.820647220186,2
1005,159.38552557802169,61.74513295913079,1
97,94.57863467599152,154.27449193037478,0
679,126.78434418601388,203.41308723050167,0
49,116.54102264872652,195.1518117122555,0
303,167.90888302779675,25.93787528090837,0
1258,159.7078982146068,163.002428601642,3
1057,213.56154248608405,155.56626903377003,2
879,215.5819428552033,94.66486383704478,1
182,96.422863746579,74.12298756510148,0
1134,240.80274844114788,141.80681575940406,2
185,99.46222971578322,72.32736048702782,0
1269,159.9933894501918,145.19551984666202,3
174,91.59752224168942,78.7392872919375,0
143,90.81758045443752,106.87978118149914,0
1108,230.84988218776863,143.07199547038005,2
305,175.69530654016347,22.868429013248203,0
1027,228.523858510256,170.32617662310645,2
279,145.08122471701446,28.052919013224653,0
592,209.183284976584,202.5145833236405,0
338,206.73405936323712,22.889638496952216,0
1170,149.84797617540076,145.17161331780596,3
840,197.6683653094412,70.64694661919799,1
397,266.81410113839405,51.65744102928522,0
74,105.2141323282772,176.6288771088074,0
977,189.9725693359127,64.31296753053732,1
1242,156.711178404091,160.7917781410527,3
1232,160.26221209626937,155.0728587289039,3
1188,148.9695086194353,142.78548304393314,3
268,149.09247109061215,29.674416475009707,0
91,95.41603599123044,161.96075993906857,0
1041,223.8799137406025,160.2202038276688,2
1234,169.21180624315875,147.1409289717272,3
453,284.90135443815194,114.35242583037729,0
750,149.69928399633486,80.10063972260934,1
1233,162.4251789258223,156.17051019452202,3
415,276.056598462082,72.99583658370625,0
635,175.93316366059514,219.17462236579303,0
195,101.79889458926726,70.65943790572749,0
579,225.97870849703463,203.49249935124067,0
941,222.02983064337857,77.4808019245408,1
900,230.89967986356223,93.43507256887688,1
954,209.89929462068983,72.13740512941791,1
1200,159.12175809145933,131.79562513490737,3
299,169.83449476053792,28.038268023672003,0
442,287.6384149493143,103.24820877790518,0
190,99.33391687478638,70.27997854982891,0
47,115.05954737343176,195.6015083810027,0
34,118.56587815624968,194.6445641457385,0
37,123.23257041912667,199.0710279016644,0
1044,214.251626949914,164.59774084863176,2
151,88.97582241579846,100.5994797705734,0
468,288.46102675346964,126.69095963027884,0
319,195.87085801273724,22.466623849762243,0
445,288.90985231839005,102.9293696961616,0
574,228.21467643857068,199.11589259858363,0
8,147.00371606422598,206.8615446215091,0
905,233.10753046597128,101.0538110436728,1
500,280.5214827435991,150.83759373727412,0
1068,219.2903881210584,138.06768582310468,2
22,139.0100018007251,199.3624111562553,0
380,253.24873420989428,40.64635819774065,0
894,224.6101674650401,97.69244984916855,1
697,99.00730535488285,57.20800703695181,0
871,220.1939585943672,88.3097718923396,1
1023,186.57478779717025,54.75368030979297,1
692,99.61170995030952,29.351158894007824,0
570,241.056300856387,196.4784306548705,0
1235,160.26296158625564,147.81169728164332,3
830,197.5868623795228,68.32163906516558,1
563,246.57391952883364,195.1224453534183,0
1118,226.9394909983725,156.98422684969142,2
1122,231.01560539363624,161.48207043076462,2
307,183.5344114278466,23.435362794231537,0
271,146.70857498506882,32.459693941745684,0
556,250.21708673776712,195.4978819775669,0
59,110.09250114063026,183.444483390984,0
706,254.8242570118706,65.38211625762972,0
1143,154.33789766469525,159.57479164344448,3
639,162.43313983535788,219.4420963436729,0
678,136.02961181187476,203.16175071689943,0
781,161.3743806686988,73.22008433352948,1
258,136.42894204551922,33.26835241179049,0
1022,187.9654673715952,64.89453946964238,1
1089,222.5925532098792,141.95931393565706,2
997,163.42784642679868,71.66860561886944,1
223,106.72136650790628,43.96247011511895,0
1205,157.7828659296384,140.3788946644711,3
236,115.89329957788708,40.75078511000908,0
886,229.9541784873492,93.14223697336104,1
533,257.8178775897338,176.5116949749143,0
703,295.800836776905,104.3773759810411,0
103,89.69601725160027,155.88500890334117,0
473,290.0441957978136,124.6023500974136,0
312,178.3290806023905,20.216552843159945,0
259,136.24715637132044,38.73980494496391,0
906,237.24744812394908,97.67672990337792,1
562,241.97250094513893,202.30173510482632,0
846,205.51185205673832,82.89017110251592,1
1080,223.2602552664032,144.48463941987637,2
842,208.60805185630068,72.45676479627309,1
478,287.3923395132339,135.17129185285984,0
333,203.11020868017707,23.27326570810652,0
831,193.51924708648937,77.93128275459412,1
1208,166.8231909541971,137.8518679609819,3
1017,129.98766520314064,84.24309764691287,1
547,248.54757314117592,194.3411989081339,0
76,103.24121866339132,173.55055797469117,0
1047,214.55871554866184,157.60980893002505,2
272,141.6824861280875,35.8993026920711,0
531,263.97544388361973,181.78165460188723,0
501,287.2740089393436,146.25210636683494,0
748,150.0016088784169,79.6027820349176,1
507,283.5640495475808,160.88130877072757,0
702,297.4067779307747,150.31276346116005,0
455,286.9918997859488,108.3997104063767,0
859,218.942633387958,77.60285531898649,1
27,138.68174548397874,203.4356237260928,0
240,121.87286824929286,45.56974039763122,0
1196,157.60809679666144,137.88646510769638,3
1088,227.8176312514512,133.00191109362538,2
1181,142.61762442784558,134.94024750982146,3
587,226.94421974716167,204.3903864141365,0
424,276.64841262251235,88.17057833487672,0
528,258.72111860881097,178.62369606824325,0
708,135.1924301996817,97.63111605773004,1
1095,225.28684675624925,142.15330943785494,2
983,185.18120242025907,66.28531018438002,1
176,93.45676550261577,87.99558023035024,0
921,228.1220487065208,92.17750944489433,1
1081,220.42804499577528,141.84811102019398,2
323,194.9971895244044,18.977921432909,0
1091,231.53044489001843,143.15274914242332,2
695,123.04015158804876,24.852019621925933,0
646,165.74179903532965,214.5343059797692,0
35,126.9283424080026,201.25706565196,0
486,289.27217838038507,141.09352559401907,0
229,118.86697901980652,42.5911421477262,0
802,179.44215189523516,78.68210118964282,1
1050,215.5472059876039,158.79288769901092,2
539,255.664888616818,189.2876208350662,0
117,96.07724311480182,138.4527477964196,0
877,215.7433045608493,91.7947618418803,1
156,84.59141494802995,105.37299967708378,0
895,228.7462464671376,95.38464711404492,1
962,204.334913069285,70.36212481044214,1
622,178.4421245519887,217.9176786371069,0
566,242.5472810074444,201.9842712721229,0
218,105.49680713633724,58.96040411550001,0
286,157.67937646654565,20.693575875386102,0
1049,215.35103333776223,158.6240701510378,2
269,143.98250126068191,35.588557090722134,0
530,262.01261458374466,177.16473351460678,0
1222,166.51688055825753,147.57058426762637,3
32,122.73745785851298,201.1315689200281,0
341,207.48313050129408,21.81015565802932,0
425,278.93915284293496,79.28879865314786,0
631,177.06059520446098,209.0457468586808,0
1216,158.50219328389235,142.7350697890057,3
937,224.7153711297041,88.90250904956861,1
1154,146.0166276082915,159.57805165563497,3
253,132.56763818317495,32.691531983482776,0
1052,218.74371929771905,158.56119125766998,2
1133,235.0930290056031,139.03317874775843,2
373,247.8853416430917,42.51426224556673,0
352,229.37070413744297,24.930554092034413,0
413,272.3687564257591,67.5957926545625,0
720,135.22428328833718,86.89284954418025,1
297,169.19351996073655,29.087893999027813,0
1028,224.4582881089937,165.5698445477983,2
535,256.38238722649106,183.7333970345325,0
227,109.37731666839518,47.678143308783376,0
102,92.76676826048336,156.18895932847963,0
1272,154.7366663972598,143.41065139545373,3
278,153.0745671331869,26.255417456553573,0
100,95.68555351032548,158.7498703738405,0
732,139.77144959887104,84.27631396483599,1
553,245.2672187678048,191.502217147584,0
308,184.9161493760027,26.887792118511925,0
874,221.896470794248,92.7877174870473,1
1107,227.6353064336767,150.2558350094306,2
110,87.34887831086324,150.05617663433517,0
896,232.2748529161038,96.5204754905559,1
1072,222.2764148582593,136.96790424860728,2
613,193.4932344658908,208.16460355162,0
1138,151.91532907561472,155.39518777537864,3
1,150.8172286432617,201.58601842440777,0
1209,161.4535156578913,144.22726654074654,3
826,188.1482410993208,70.4003385489471,1
439,290.0253774228423,103.94938812324068,0
55,107.48284122153372,182.3937336981124,0
1184,152.6507655528093,143.6194219583735,3
95,99.20128585554698,157.0481543010864,0
988,180.72089088922704,68.0247604575427,1
456,287.87424429229,115.36664505488278,0
1214,165.20104342927186,146.94067418825318,3
1038,223.6317037398576,163.6702308792655,2
739,150.31898403660867,83.49273554191882,1
30,134.74044256822995,205.61213936487428,0
171,92.41256318569975,86.36746455607158,0
837,202.8250363096316,72.47735053323709,1
199,99.26880800903164,67.47910744302737,0
828,188.86019151948884,77.58841831567253,1
1102,225.22550878309272,138.80464884298658,2
1117,234.45742901560484,153.8240891901994,2
401,269.55815618377324,59.29259061639851,0
291,161.96427683055796,29.81766324380783,0
808,183.04364051476367,73.76514510587447,1
741,141.7023357837203,82.8102358784052,1
770,156.46403952056568,80.73578049617248,1
1040,221.0735319815988,166.74913010145582,2
181,97.1634270634074,84.22768732633688,0
529,263.2601938709757,174.27554978838702,0
315,181.8224716239395,28.278814880870414,0
1126,231.6611636735861,161.91048962937214,2
448,281.76253279759266,113.23005658434522,0
327,191.63603434996537,19.932350839344338,0
65,109.75711410454537,184.9926768502246,0
669,135.470658055538,206.9910960974392,0
38,119.15849158524854,190.62293683613416,0
1221,159.2909635430539,143.21730159474873,3
349,223.47025229723704,29.871250309494087,0
980,181.1481560649082,63.51863380848442,1
167,85.11754774180709,84.55916025227219,0
502,287.78759763065614,150.70938065638205,0
157,87.24969577269742,97.3146562516547,0
1167,148.80021578684773,152.6708950176336,3
1059,220.32574810998267,149.20513893536207,2
290,166.41921727834887,26.20697390638201,0
450,288.42114954454365,102.02705590818528,0
550,247.1955277837971,198.08977266467707,0
1056,216.22124435874977,145.05632969830998,2
759,162.8577209696725,77.75402796844543,1
1139,155.74547252353477,160.331783038075,3
920,229.5355654092767,83.46695782795803,1
1160,152.97370497124905,157.12244210825293,3
994,175.73366736168197,71.35435079806103,1
194,99.7512515586562,73.97212186754103,0
343,222.13364216872083,26.23016035762112,0
857,212.1021031115219,76.84680496683654,1
945,216.7994983866076,77.05588381614706,1
551,250.40548438954323,188.0354553639417,0
1007,164.0057621095832,64.50604077833572,1
729,142.26213729690943,91.94196784717104,1
224,113.84770250075168,56.40326270271839,0
1043,221.39134567482984,160.48795445495517,2
385,260.9605837297529,44.01748042313358,0
1192,145.80830909715093,138.95648298485838,3
1204,155.33694827895891,136.7819137488105,3
114,88.97776662698104,152.35565443884894,0
861,215.0081049433567,88.96073180607777,1
138,86.6857786867973,116.739206596484,0
685,98.52131218572882,193.0029988014782,0
1131,234.63986203534395,146.08707397852828,2
391,259.7409757475331,54.626506697270486,0
740,152.3974808480629,82.66207377490127,1
1114,235.92546496163783,156.82406792304488,2
378,254.78222095663847,43.57642348661739,0
452,284.69497613154294,107.84307663494496,0
882,216.4998496033327,95.5556618686452,1
705,262.90911899886896,98.1973149443278,0
1259,162.65821496529395,160.97968932116078,3
1008,161.5171772248009,65.33789342206512,1
379,255.09840193306067,49.1681755606665,0
791,171.20787768082891,74.7154850674039,1
447,285.55342092440503,101.56664635381044,0
336,200.79933033618377,26.412409967424026,0
1123,230.9091907141069,153.3192246472151,2
730,147.26937620772924,81.77600669212131,1
737,151.94337472231285,83.94709614665675,1
280,154.30391414987184,24.980349691946685,0
870,213.2928927049517,81.54051174019958,1
731,140.5362898530431,91.9586794709992,1
949,210.9645062416924,71.39439893250915,1
314,178.676720706618,20.61305323745597,0
910,237.2840032006709,96.59835769332642,1
955,200.0208555477966,68.39870375586753,1
838,195.93871560586447,78.81301528105251,1
1250,163.31086209224506,159.4122122234303,3
987,179.71656859263263,69.01795545872409,1
778,164.1206303141171,69.0365256447937,1
275,151.17523566287358,34.12029524657379,0
313,183.8159596706706,27.094987869828344,0
150,91.92601177920314,100.72321130395471,0
1104,236.5509876558135,144.52707306461565,2
827,195.4608182802312,76.13878498411913,1
809,185.0997408512545,71.85120433370759,1
914,228.92426374348355,86.94455787328798,1
1179,142.3887121740303,144.1161297489016,3
1013,156.42943084158708,65.7591717029012,1
661,141.77848342470008,204.9922396110809,0
317,186.02264268626547,27.065833387729185,0
1120,227.7959161200917,158.33549696170277,2
1180,146.55946573175115,139.03909071858834,3
939,217.304361061139,87.86376396136001,1
431,289.4809196058431,95.3754219401514,0
532,265.5451613879732,178.73065195451898,0
1086,224.88432763702056,138.58729963856888,2
1226,162.49215969461807,142.78759839018448,3
959,205.03957248149567,71.87268369808282,1
577,226.7575573952572,201.4115750560668,0
694,108.10854338217965,20.008399458027498,0
119,84.72164936092067,136.0750379516815,0
715,142.94761186908033,88.79494938458191,1
1016,130.84551518725073,82.39045312069152,1
1228,166.19052574599263,151.89230583743716,3
441,283.8605667997804,103.39855518669624,0
555,254.69295103790608,194.9537358162354,0
713,136.79107098998526,90.50660756373958,1
821,189.4186920223541,67.05122810641802,1
255,132.76068575168924,40.90459839566682,0
273,142.32075672288718,32.458738829292486,0
454,284.36674563851983,117.12256040247632,0
933,219.44910400583188,85.32602236875175,1
144,90.77574357674148,116.74133702164568,0
334,206.41342007197872,22.071540974521668,0
979,189.8474532165162,66.56331390030385,1
247,131.59669524445042,35.092981841180745,0
430,284.66491469571685,97.40705884591569,0
29,124.78748346581088,201.6890302969298,0
527,270.1284084274175,175.57538481832302,0
683,111.97144752007536,156.15327971879674,0
585,223.6048260843643,206.56503242381348,0
1094,231.3227185363588,135.59488959119744,2
848,202.2547575582016,82.1906539944195,1
763,164.15852132999575,81.82792523839834,1
436,290.86430073599473,94.85282317799954,0
440,288.6946723725222,93.8992266482673,0
1018,115.26323598521353,92.73631516138248,1
800,181.80832017746604,67.66785854696451,1
1149,149.71627395398056,160.22266784208335,3
1051,225.60761066735068,152.67303360402758,2
1191,155.2534474512147,132.5839005024061,3
1187,149.0717739469229,138.9667469666922,3
858,214.3251932170905,80.7006395619124,1
1046,221.5824000190736,155.24324345343922,2
807,186.57931100526469,69.5518616712298,1
1155,141.56245779256062,154.02236627726188,3
67,103.11340535106568,176.4260351892329,0
1266,153.46999887228876,151.0239241872918,3
420,278.2083001138996,76.70959162516897,0
51,119.7715239471286,191.0051958730819,0
166,93.8066489043852,83.48835660049474,0
651,152.081311912889,214.4698440358776,0
489,289.7166121616197,144.34932312938565,0
1212,165.39284921339845,144.1035124661937,3
356,231.5061916364595,28.30563436769262,0
1066,222.0997514534405,149.41978610276374,2
1045,216.3887442308332,160.73504680052048,2
467,290.54606158641,118.80374428771734,0
345,220.9807552116003,24.29317769283358,0
1253,162.5833151812787,157.010414354107,3
908,232.85411426909616,93.01344537727022,1
73,97.43935691483392,177.51545865242565,0
947,214.14267851197567,71.00068880438488,1
801,178.73982002891188,78.12016903159798,1
883,221.0378152167036,90.03856140128482,1
1093,232.52528381687927,136.1030317365953,2
606,207.0486248103772,215.06718503632487,0
526,262.67855623585075,171.76800424817606,0
10,142.78046613904297,203.916838242294,0
675,136.8387623026689,207.20034619376867,0
70,104.16443785476508,177.01383249592732,0
417,281.8336673026361,73.15041175709871,0
105,90.08443560493502,153.89394532137248,0
434,279.2471194687288,101.31457792970104,0
428,277.96075144030885,91.1696102654754,0
364,232.62696850283496,28.55922394724541,0
1236,168.35523893528384,157.35737622003938,3
115,85.08011986531292,142.83720564409737,0
536,262.5545016393107,190.4249303741783,0
872,216.3819707765377,83.8534455615885,1
1025,231.72176941320785,168.78904638334996,2
1238,156.97914235608954,158.14078255863635,3
557,251.4907387363448,202.2939844883152,0
771,166.80868423069688,75.09035880967303,1
1077,224.01923902147325,133.3305744581441,2
1268,158.8437517449436,145.16283333895592,3
549,249.57805249597527,191.9078346330354,0
1142,151.2331638701782,158.49045187112517,3
596,218.20285217621367,208.22645655999264,0
829,190.95167891986875,73.19371506256488,1
125,86.01687002236909,135.2335228106332,0
474,293.4734496920785,123.67064143881612,0
382,254.701288044298,43.63508290938489,0
458,293.11199181247963,121.30233784412286,0
545,259.8102098629097,190.928085507915,0
839,197.65499995299191,79.53160348530099,1
126,88.89150198327066,134.28051792449145,0
761,162.22737022484273,75.64560046940272,1
1185,147.2368444017402,140.23875128097086,3
1264,159.48264711734524,154.52073891726548,3
823,190.25387375516704,67.04114210301651,1
250,124.91385607140587,35.180762025102524,0
407,272.2246962255296,60.97422414052278,0
1171,141.95430287498544,142.19942903592624,3
1009,165.87064169765864,71.49563157289697,1
387,255.75852740791143,52.67624734313023,0
1053,215.0546829414372,157.310354612447,2
1257,153.59621389398205,162.2041933078038,3
743,145.83165071849874,89.18306786526063,1
645,161.41469237790434,212.41612636865176,0
1165,150.6033555143445,145.84004122425569,3
790,169.05423581451376,68.77735820078323,1
758,160.8971706112458,77.23037629612872,1
648,166.0748598281326,214.3957419754957,0
310,175.91926195354216,15.934076882608736,0
257,139.8592760970969,30.64902988194092,0
1106,236.9833565868672,146.0125907071245,2
357,230.3445850081624,30.174815194292307,0
470,285.5753478819639,129.5405888627535,0
911,238.8755704388727,95.95377699511825,1
912,237.5955242421548,92.9187233860481,1
329,199.0081176964123,16.913056419212126,0
389,265.528684813034,51.27230407812198,0
1105,229.6755867603606,140.50685590884,2
672,137.36910817277797,210.37599779590056,0
160,93.7696236316916,96.65034112379578,0
277,147.7732835493466,34.60866302473522,0
522,268.016945942144,176.28299463123597,0
995,166.66970617553233,65.61296817025175,1
714,141.97901359599123,97.45389770749358,1
274,149.2899614116246,26.276617833732303,0
663,148.86836991082438,200.6208533166636,0
856,214.90705484816263,87.8298519538377,1
700,171.73384352694586,6.358833544706613,0
1270,154.14236024967738,152.88828239171465,3
792,165.91076917424027,67.46047915066839,1
1058,221.11199524833225,154.0826131589884,2
600,202.78389693757828,213.2144680322918,0
287,156.07679747752738,28.58720210685499,0
339,206.4535848888656,25.103068704476986,0
490,283.6685789946708,149.0309579565347,0
686,119.81096035629191,217.80697758372503,0
704,304.17541977728087,105.16716269111856,0
1112,225.75519321924816,149.9194686012923,2
1141,147.67348838473816,163.21197122183918,3
508,283.14467836438865,163.46751787585794,0
969,199.1073963754665,67.36064941050847,1
1082,220.99808616889788,133.3068435439136,2
423,283.3922818530222,83.27500642275692,0
602,211.1897227227149,215.75407624748223,0
107,93.71783083171522,148.13542032167362,0
726,142.30605004152386,87.64952117953288,1
540,258.8136840538506,183.39098825942847,0
409,270.8212928148861,71.39713493858159,0
609,195.9192899576404,211.6392439807864,0
89,98.96228708624224,162.30221052040298,0
924,230.92078283231973,86.23011419432294,1
623,178.35549968073144,215.7381101860588,0
917,233.41520319645736,89.42796117404248,1
799,174.72179790451554,77.0591593278017,1
408,276.45195693374137,69.70401710529057,0
405,264.9571643888915,59.60992554338287,0
595,218.47801025309155,212.3322371898847,0
514,276.54257751009067,159.5878901032453,0
517,275.7349975865558,161.22480967797873,0
582,220.596341400327,200.59515387194463,0
162,88.1025498684299,96.58300560416808,0
719,146.52569573152005,90.20543551724931,1
43,117.01305912664264,188.71964345572823,0
644,159.8119127953769,218.2975856891348,0
873,218.9256182493192,91.89807232216113,1
1162,150.01088215524533,157.2312400643043,3
146,83.86624784774706,107.5989605381326,0
1024,204.73349902799103,57.40235873484932,1
1136,149.973599018732,160.13584667874642,3
311,187.58568810876773,16.285851134650784,0
520,272.85233508244403,173.50275372967258,0
367,241.0562479059152,41.31065676542153,0
963,201.957709113512,73.76011143851025,1
399,272.0578138651961,58.14384471797922,0
50,121.1145836513572,194.8912457391364,0
374,247.14118258418856,42.625351604201455,0
155,85.76809748474184,98.32100825512958,0
654,149.49268889537797,208.3215704177429,0
767,162.29206357115945,74.4655748588205,1
324,191.49229517194743,16.210192041196592,0
610,190.69227954236416,210.06609617448103,0
1206,156.56178141744934,140.67164015548713,3
638,171.34730082268018,206.57519271666047,0
616,183.8740547069553,217.9804527138054,0
1224,165.170797258997,141.92840894999546,3
599,203.1650502594512,210.9477172574813,0
745,153.17516880944123,85.19954165331029,1
668,146.21295576627347,209.74666131365387,0
805,184.7027307164802,77.50653555953471,1
876,218.3354653242148,84.5072688072267,1
620,190.077774756768,213.6468993793604,0
85,98.36524994471856,171.66158737453316,0
419,283.8158407426244,72.46193805817569,0
931,226.6921603105776,85.1484428290459,1
747,145.54695504650695,77.20464453433999,1
39,125.51993347525442,192.9278799374378,0
817,187.83450312194924,76.48611588401246,1
867,217.08743358297167,89.70987914457783,1
974,192.36538726910285,64.08545345025681,1
1161,142.15657562051103,146.51011753617553,3
1195,156.99025999648288,133.77706915379355,3
201,95.67675749269873,59.40993016731545,0
611,198.5996374973463,219.3777345612924,0
200,102.77076755988948,68.08161486241448,0
1220,167.41439133266323,148.01267225696068,3
766,157.14101451499764,77.21943447926242,1
3,156.3234192320091,203.7750090532464,0
1037,221.8859632086192,168.81128876224386,2
1201,152.9049811753505,130.12163775158774,3
372,246.8358294739581,33.754122265739454,0
783,163.06044026669113,70.11352351664408,1
219,108.86368559680504,58.44193388945058,0
972,188.1430904170145,68.66734581796732,1
390,266.14369044681644,45.9686333972918,0
136,92.80121894124956,123.63035139152504,0
493,283.1086804964364,149.50671998089297,0
1006,163.10062458714714,64.23312174559072,1
1183,152.49825364609856,134.07661573775317,3
844,208.92130682407745,74.76985337990686,1
348,216.6297704856908,22.78271150178938,0
773,160.36719187815288,77.30506411177879,1
665,149.78906161369966,200.8640759779001,0
25,135.96904704526196,195.15219457913705,0
466,281.8435853883781,127.4580914580963,0
141,93.25340934975095,123.48833340610798,0
728,137.07588225838518,83.30091643466602,1
421,279.8054474830196,86.79965195550824,0
776,160.1215221848096,79.91784305356225,1
888,229.21727044947093,91.79008587586064,1
619,187.608344348509,218.5050781221624,0
709,141.89789709252315,90.4111918069932,1
496,288.0414633920877,148.8644809437468,0
140,87.72784707077551,119.15523434118684,0
738,147.203923892313,87.52332530604139,1
1147,154.96500956459994,158.76336075212205,3
724,141.78589162906505,92.53035138499176,1
412,275.1705364717973,72.86071358421788,0
238,118.23066545918525,37.67175820543014,0
903,233.6818961951762,98.26243132751416,1
296,174.50201205707677,28.717127653033685,0
457,285.54351607299463,115.02610800495398,0
400,274.3317637453185,57.34479711374087,0
989,178.43749239384238,72.36366567632399,1
926,226.0481385449628,86.70329627040695,1
544,252.16195171100784,183.9265813212515,0
491,281.68743649718914,140.26827016631626,0
1150,152.8567043557006,163.9249615483485,3
1121,233.8268822082103,153.5365313243891,2
735,141.623415065591,84.38744916265864,1
4,152.04599564160364,209.3409275136516,0
427,288.9320719125771,90.31203089977164,0
1152,149.28457008688767,157.12661338266315,3
1230,159.63429441378793,147.4977431747576,3
350,227.1993930390487,25.531671059413043,0
11,146.16953282044437,201.1097131368722,0
298,170.53976100507336,20.053193816466944,0
265,145.34969248955022,25.95632878506632,0
717,142.29836884407288,85.53585911505871,1
869,212.51460139712057,84.28033111201268,1
207,105.8651995464428,57.0438626985528,0
358,230.40617508580672,24.683197049661203,0
746,153.04026889584566,78.02628746317993,1
569,232.88306467894787,204.75930254224227,0
510,273.5864590653907,155.5042615934853,0
1000,165.11026661703033,71.57163014587343,1
1130,235.65130515584843,161.974340740068,2
205,99.28060645214408,63.061653750233575,0
202,101.06090492484137,65.81536646903749,0
289,159.30188520680647,29.932872022019296,0
632,174.60959633036396,215.02145501063345,0
469,288.8035595302566,130.4274665394941,0
483,284.9657718654032,140.52756976700636,0
1090,224.92186050054195,142.4557764835816,2
416,282.6276516834677,72.76525958008955,0
887,223.9024082422819,92.75464483564554,1
558,241.69178602560248,196.7256414754072,0
1063,224.8603609288565,150.75500349723114,2
820,193.70459335373687,72.84663910876151,1
546,254.55523132864883,196.02241158367275,0
1073,219.6061114798584,143.13233423023215,2
677,129.83274614106884,201.4989715219299,0
981,188.28590639119392,65.57102361514546,1
375,252.4222119857744,36.03622730881801,0
693,81.13537253111258,45.65170551109833,0
12,146.756016137941,200.3826139496649,0
875,220.7158422917665,92.0054321908368,1
925,235.037082945839,88.6274613219332,1
230,112.08511766046983,41.36494558469758,0
351,228.53215065647424,33.6924756475799,0
226,116.63080540601048,44.91821380911824,0
814,186.0801771546972,71.0548554249321,1
671,145.03466278304668,203.3992546548526,0
513,272.99398140375547,160.8052379430627,0
1223,160.8348542501356,149.08273177910064,3
825,196.7236027346568,72.59357461356126,1
1247,162.39717627803466,159.69707833775732,3
627,175.578121485481,209.9301413914825,0
624,180.6244718125172,215.8226083472256,0
163,90.86420902096056,89.1280067987592,0
60,111.74783499199496,181.14678652901893,0
1039,225.0201345555577,165.70402579257535,2
586,214.73850685438327,204.33013489061216,0
316,183.17662807709968,18.475512100907626,0
868,219.1127650146322,89.01377024684803,1
816,182.85972157636635,77.88229697691264,1
637,163.3141586705789,207.5474002705624,0
1111,228.95346724280915,154.94465921289571,2
116,92.45091534324908,142.23258824950608,0
165,87.35515007622078,92.49419804817352,0
122,95.43520517756951,142.58615079544228,0
769,167.55519308954413,70.6065370873726,1
965,195.4106186072372,66.919043425717,1
898,227.11621222966664,96.82566301261876,1
335,204.01010068033227,29.357967990792588,0
86,96.09349723567512,171.56167546588853,0
